input file,prediction_fraction,k,comp_time,random_prediction_dataset,min_max_normalization,holidays_flag,join_holidays,month_flag,past_values,reduced size,best model,best model cross val score,best model test score,,,,,,,,,
Main_cbe_09.csv,0.25,5,0.2,TRUE,FALSE,NA,NA,TRUE,0,0,RandomForestRegressor,0.812180357,,KNeighborsRegressor,0.759409863,RandomForestRegressor,0.812180357,ExtraTreesRegressor,0.803372493,,,
Main_cbe_10.csv,0.25,5,0.2,FALSE,FALSE,NA,NA,TRUE,0,0,ExtraTreesRegressor,0.679284647,,KNeighborsRegressor,0.618523139,RandomForestRegressor,0.658624437,ExtraTreesRegressor,0.679284647,,,
Main_cbe_10.csv,0.25,5,0.2,FALSE,FALSE,NA,NA,TRUE,0,0,ExtraTreesRegressor,0.678366115,,KNeighborsRegressor,0.618523139,RandomForestRegressor,0.660389281,ExtraTreesRegressor,0.678366115,,,
Main_cbe_02.csv,0.25,5,0.1,FALSE,FALSE,NA,NA,TRUE,0,0,ExtraTreesRegressor,0.784971669,,KNeighborsRegressor,0.737892245,RandomForestRegressor,0.767050091,ExtraTreesRegressor,0.784971669,,,
Main_cbe_03.csv,0.25,5,0.1,FALSE,FALSE,NA,NA,TRUE,0,0,ExtraTreesRegressor,-0.606404559,,KNeighborsRegressor,-0.954425196,RandomForestRegressor,-0.673569221,ExtraTreesRegressor,-0.606404559,,,
Main_cbe_04.csv,0.25,5,0.1,FALSE,FALSE,NA,NA,TRUE,0,0,ExtraTreesRegressor,0.710477146,,KNeighborsRegressor,0.661820071,RandomForestRegressor,0.701285581,ExtraTreesRegressor,0.710477146,,,
Main_cbe_05.csv,0.25,5,0.1,FALSE,FALSE,NA,NA,TRUE,0,0,ExtraTreesRegressor,0.810960695,,KNeighborsRegressor,0.79584041,RandomForestRegressor,0.80500427,ExtraTreesRegressor,0.810960695,,,
Main_cbe_05.csv,0.25,5,0.1,FALSE,FALSE,NA,NA,FALSE,0,0,RandomForestRegressor,0.831595056,,KNeighborsRegressor,0.830392334,RandomForestRegressor,0.831595056,ExtraTreesRegressor,0.83151344,,,
Main_cbe_05.csv,0.25,5,0.1,FALSE,FALSE,NA,NA,FALSE,0,0,ExtraTreesRegressor,0.856945966,,KNeighborsRegressor,0.841111557,RandomForestRegressor,0.852509197,ExtraTreesRegressor,0.856945966,,,
Main_cbe_06.csv,0.25,5,0.1,FALSE,FALSE,NA,NA,TRUE,0,0,ExtraTreesRegressor,0.840172114,,KNeighborsRegressor,0.827211016,RandomForestRegressor,0.822239359,ExtraTreesRegressor,0.840172114,,,
Main_cbe_06.csv,0.25,5,0.1,FALSE,FALSE,NA,NA,FALSE,0,0,ExtraTreesRegressor,0.760329504,,KNeighborsRegressor,0.756458742,RandomForestRegressor,0.75929641,ExtraTreesRegressor,0.760329504,,,
Main_cbe_07.csv,0.25,5,0.1,FALSE,FALSE,NA,NA,TRUE,0,0,ExtraTreesRegressor,0.648757457,,KNeighborsRegressor,0.614805556,RandomForestRegressor,0.630095344,ExtraTreesRegressor,0.648757457,,,
Main_cbe_07.csv,0.25,5,0.1,FALSE,FALSE,NA,NA,FALSE,0,0,ExtraTreesRegressor,0.594984746,,KNeighborsRegressor,0.569151324,RandomForestRegressor,0.591460269,ExtraTreesRegressor,0.594984746,,,
Main_cbe_08.csv,0.25,5,0.1,FALSE,FALSE,NA,NA,FALSE,0,0,ExtraTreesRegressor,0.798767639,,KNeighborsRegressor,0.78494906,RandomForestRegressor,0.789163191,ExtraTreesRegressor,0.798767639,,,
Main_cbe_09.csv,0.25,5,0.1,FALSE,FALSE,NA,NA,FALSE,0,0,ExtraTreesRegressor,0.418210658,0.729159326,KNeighborsRegressor,0.37719569,RandomForestRegressor,0.388390973,ExtraTreesRegressor,0.418210658,,,
Main_cbe_09.csv,0.25,5,0.1,FALSE,FALSE,TRUE,TRUE,FALSE,0,0,ExtraTreesRegressor,0.443472315,0.726941528,KNeighborsRegressor,0.403790513,RandomForestRegressor,0.412003111,ExtraTreesRegressor,0.443472315,,,
Main_cbe_10.csv,0.25,5,0.1,FALSE,FALSE,TRUE,TRUE,FALSE,0,0,ExtraTreesRegressor,0.713343863,0.805720128,KNeighborsRegressor,0.651630036,RandomForestRegressor,0.6901366,ExtraTreesRegressor,0.713343863,,,
Main_cbe_10.csv,0.25,5,0.01,FALSE,FALSE,TRUE,TRUE,TRUE,0,0,ExtraTreesRegressor,0.710006054,0.804295108,DummyRegressor,-0.031798288,KNeighborsRegressor,0.651625543,RandomForestRegressor,0.68287475,ExtraTreesRegressor,0.710006054,
Main_cbe_01.csv,0.25,5,0.01,FALSE,FALSE,TRUE,TRUE,TRUE,0,0,ExtraTreesRegressor,0.72431348,0.117089915,DummyRegressor,-0.172083794,KNeighborsRegressor,0.714511177,RandomForestRegressor,0.712344655,ExtraTreesRegressor,0.72431348,
Main_cbe_01.csv,0.25,5,0.1,FALSE,FALSE,TRUE,TRUE,TRUE,0,0,ExtraTreesRegressor,0.72543648,0.136447923,DummyRegressor,-0.172083794,KNeighborsRegressor,0.715854329,RandomForestRegressor,0.718728874,ExtraTreesRegressor,0.72543648,
Main_cbe_01.csv,0.25,5,1,FALSE,FALSE,TRUE,TRUE,TRUE,0,0,ExtraTreesRegressor,0.727413128,0.115527835,DummyRegressor,-0.172083794,KNeighborsRegressor,0.715856611,RandomForestRegressor,0.71911063,ExtraTreesRegressor,0.727413128,
Main_cbe_01.csv,0.25,5,0.1,FALSE,FALSE,TRUE,TRUE,FALSE,0,0,ExtraTreesRegressor,0.731662156,0.116968367,DummyRegressor,-0.172083794,KNeighborsRegressor,0.7293428,RandomForestRegressor,0.730597941,ExtraTreesRegressor,0.731662156,
Main_cbe_01.csv,0.25,5,0.1,FALSE,FALSE,TRUE,FALSE,FALSE,0,0,ExtraTreesRegressor,0.730339301,0.105939421,DummyRegressor,-0.172083794,KNeighborsRegressor,0.727057698,RandomForestRegressor,0.728176081,ExtraTreesRegressor,0.730339301,
Main_cbe_01.csv,0.25,5,0.1,FALSE,FALSE,TRUE,FALSE,TRUE,0,0,ExtraTreesRegressor,0.724151716,0.152780165,DummyRegressor,-0.172083794,KNeighborsRegressor,0.714298577,RandomForestRegressor,0.717342121,ExtraTreesRegressor,0.724151716,
Main_cbe_01.csv,0.25,5,0.1,FALSE,FALSE,TRUE,TRUE,TRUE,0,0,ExtraTreesRegressor,0.725403432,0.121557536,DummyRegressor,-0.172083794,KNeighborsRegressor,0.715855188,RandomForestRegressor,0.716535795,ExtraTreesRegressor,0.725403432,
Main_cbe_02.csv,0.25,5,0.1,FALSE,FALSE,TRUE,TRUE,TRUE,0,0,ExtraTreesRegressor,0.827327727,0.843679389,DummyRegressor,-0.015473013,KNeighborsRegressor,0.776840863,RandomForestRegressor,0.818580066,ExtraTreesRegressor,0.827327727,
Main_cbe_02.csv,0.25,5,0.1,FALSE,FALSE,TRUE,TRUE,FALSE,0,0,ExtraTreesRegressor,0.817819565,0.815485283,DummyRegressor,-0.015473013,KNeighborsRegressor,0.791892066,RandomForestRegressor,0.813988767,ExtraTreesRegressor,0.817819565,
Main_cbe_02.csv,0.25,5,0.1,FALSE,FALSE,TRUE,FALSE,TRUE,0,0,ExtraTreesRegressor,0.829131187,0.843614481,DummyRegressor,-0.015473013,KNeighborsRegressor,0.778185866,RandomForestRegressor,0.817268235,ExtraTreesRegressor,0.829131187,
Main_cbe_02.csv,0.25,5,0.1,FALSE,FALSE,TRUE,FALSE,FALSE,0,0,ExtraTreesRegressor,0.818408988,0.812507814,DummyRegressor,-0.015473013,KNeighborsRegressor,0.792296809,RandomForestRegressor,0.809834416,ExtraTreesRegressor,0.818408988,
Main_cbe_02.csv,0.25,5,0.1,FALSE,TRUE,TRUE,FALSE,FALSE,0,0,ExtraTreesRegressor,0.817913867,0.81239913,DummyRegressor,-0.015473013,KNeighborsRegressor,0.806780843,RandomForestRegressor,0.811471013,ExtraTreesRegressor,0.817913867,
Main_cbe_02.csv,0.25,5,0.1,FALSE,FALSE,TRUE,TRUE,TRUE,0,0,ExtraTreesRegressor,0.826770687,0.840959226,DummyRegressor,-0.135819148,KNeighborsRegressor,0.776811205,RandomForestRegressor,0.81789447,ExtraTreesRegressor,0.826770687,
Main_cbe_04.csv,0.25,5,0.1,FALSE,FALSE,TRUE,TRUE,TRUE,0,0,ExtraTreesRegressor,0.717909608,0.708136466,DummyRegressor,-0.096193798,KNeighborsRegressor,0.667070611,RandomForestRegressor,0.706398641,ExtraTreesRegressor,0.717909608,
Main_cbe_04.csv,0.25,5,0.1,FALSE,FALSE,TRUE,TRUE,FALSE,0,0,ExtraTreesRegressor,0.69307899,0.680190668,DummyRegressor,-0.096193798,KNeighborsRegressor,0.670707603,RandomForestRegressor,0.680394807,ExtraTreesRegressor,0.69307899,
Main_cbe_04.csv,0.25,5,0.01,FALSE,FALSE,TRUE,TRUE,FALSE,0,0,RandomForestRegressor,0.68797223,NA - prediction only,DummyRegressor,-0.087228021,RandomForestRegressor,0.68797223,,,,,
Main_cbe_04.csv,0.25,5,0.01,FALSE,FALSE,TRUE,TRUE,FALSE,0,0,RandomForestRegressor,0.687635092,NA - prediction only,DummyRegressor,-0.087228021,RandomForestRegressor,0.687635092,,,,,
Main_cbe_04.csv,0.25,5,0.01,FALSE,FALSE,TRUE,TRUE,TRUE,0,0,RandomForestRegressor,0.713293872,NA - prediction only,DummyRegressor,-0.087228021,RandomForestRegressor,0.713293872,,,,,
Main_cbe_04.csv,0.25,5,0.001,FALSE,FALSE,TRUE,TRUE,TRUE,0,0,RandomForestRegressor,0.650981048,NA - prediction only,DummyRegressor,-0.087228021,RandomForestRegressor,0.650981048,,,,,
Main_cbe_04.csv,0.25,5,0.001,FALSE,FALSE,TRUE,TRUE,TRUE,0,0,RandomForestRegressor,0.669841437,NA - prediction only,DummyRegressor,-0.087228021,RandomForestRegressor,0.669841437,,,,,
Main_cbe_04.csv,0.25,5,0.1,FALSE,FALSE,TRUE,TRUE,TRUE,0,0,DummyRegressor,-0.096193798,-0.111811252,DummyRegressor,-0.096193798,SVR,-0.290180542,,,,,
Main_cbe_04.csv,0.25,5,0.5,FALSE,FALSE,TRUE,TRUE,TRUE,0,0,SVR,0.624151055,0.62691645,DummyRegressor,-0.096193798,SVR,0.624151055,,,,,
Main_cbe_04.csv,0.25,5,0.1,FALSE,FALSE,TRUE,TRUE,TRUE,0,0,ExtraTreesRegressor,0.714135205,0.708736123,DummyRegressor,-0.096193798,KNeighborsRegressor,0.667074265,RandomForestRegressor,0.702101764,ExtraTreesRegressor,0.714135205,
Main_cbe_04.csv,0.25,5,0.5,FALSE,FALSE,TRUE,TRUE,TRUE,0,0,GradientBoostingRegressor,0.703706374,0.68876495,DummyRegressor,-0.097325275,GradientBoostingRegressor,0.703706374,,,,,
Main_cbe_04.csv,0.25,5,0.01,FALSE,FALSE,TRUE,TRUE,TRUE,1,0,ExtraTreesRegressor,0.71369572,0.728195786,DummyRegressor,-0.097442961,ExtraTreesRegressor,0.71369572,,,,,
Main_cbe_04.csv,0.25,5,0.02,FALSE,FALSE,TRUE,TRUE,TRUE,2,0,ExtraTreesRegressor,0.722300828,0.747382308,DummyRegressor,-0.096183498,ExtraTreesRegressor,0.722300828,,,,,
Main_cbe_04.csv,0.25,5,0.02,FALSE,FALSE,TRUE,TRUE,TRUE,4,0,ExtraTreesRegressor,0.71662405,0.755744048,DummyRegressor,-0.096367189,ExtraTreesRegressor,0.71662405,,,,,
Main_cbe_04.csv,0.25,5,0.02,FALSE,FALSE,TRUE,TRUE,TRUE,8,0,ExtraTreesRegressor,0.70990586,0.751097194,DummyRegressor,-0.096746773,ExtraTreesRegressor,0.70990586,,,,,
Main_cbe_04.csv,0.25,5,0.02,FALSE,FALSE,TRUE,TRUE,TRUE,6,0,ExtraTreesRegressor,0.712276564,0.752701448,DummyRegressor,-0.096594199,ExtraTreesRegressor,0.712276564,,,,,
Main_cbe_04.csv,0.25,5,0.02,FALSE,FALSE,TRUE,TRUE,TRUE,7,0,ExtraTreesRegressor,0.710953308,0.747296101,DummyRegressor,-0.096731778,ExtraTreesRegressor,0.710953308,,,,,
Main_cbe_04.csv,0.25,5,0.02,FALSE,FALSE,TRUE,TRUE,TRUE,12,0,ExtraTreesRegressor,0.700642636,0.739855697,DummyRegressor,-0.097202889,ExtraTreesRegressor,0.700642636,,,,,
Main_cbe_04.csv,0.25,5,0.05,FALSE,FALSE,TRUE,TRUE,TRUE,3,0,ExtraTreesRegressor,0.722275311,0.749262672,DummyRegressor,-0.096239243,ExtraTreesRegressor,0.722275311,,,,,
Main_cbe_04.csv,0.25,5,0.5,FALSE,FALSE,TRUE,TRUE,TRUE,0,0,GradientBoostingRegressor,0.702289106,0.699699341,DummyRegressor,-0.096193798,GradientBoostingRegressor,0.702289106,,,,,
Main_cbe_05.csv,0.25,5,0.1,FALSE,FALSE,TRUE,TRUE,TRUE,0,0,ExtraTreesRegressor,0.879054302,0.88219296,DummyRegressor,-0.010774938,ExtraTreesRegressor,0.879054302,,,,,
Main_cbe_10.csv,0.25,5,0.01,FALSE,FALSE,TRUE,TRUE,TRUE,0,0,ExtraTreesRegressor,0.6947602,0.798629015,DummyRegressor,-0.031798288,ExtraTreesRegressor,0.6947602,,,,,
Main_cbe_10.csv,0.25,5,0.01,FALSE,FALSE,TRUE,TRUE,TRUE,3,0,ExtraTreesRegressor,0.676571342,0.803557246,DummyRegressor,-0.031465215,ExtraTreesRegressor,0.676571342,,,,,
Main_cbe_05.csv,0.25,5,0.01,FALSE,FALSE,TRUE,TRUE,TRUE,3,0,ExtraTreesRegressor,0.87700179,0.883378419,DummyRegressor,-0.009231408,ExtraTreesRegressor,0.87700179,,,,,
Main_cbe_04.csv,0.25,5,0.01,FALSE,FALSE,TRUE,TRUE,TRUE,3,0,ExtraTreesRegressor,0.717145158,0.747332309,DummyRegressor,-0.097324246,ExtraTreesRegressor,0.717145158,,,,,
Main_cbe_04.csv,0.25,5,0.01,FALSE,FALSE,TRUE,TRUE,TRUE,3,0,ExtraTreesRegressor,0.704537903,0.72926708,DummyRegressor,-0.096047915,ExtraTreesRegressor,0.704537903,,,,,
Main_cbe_10.csv,0.25,5,0.01,FALSE,FALSE,TRUE,TRUE,TRUE,3,0,ExtraTreesRegressor,0.669631234,0.794035638,DummyRegressor,-0.031465215,ExtraTreesRegressor,0.669631234,,,,,
Main_cbe_10.csv,0.25,5,0.1,FALSE,FALSE,TRUE,TRUE,TRUE,3,0,ExtraTreesRegressor,0.685038914,0.804836252,DummyRegressor,-0.031465215,ExtraTreesRegressor,0.685038914,,,,,
Main_cbe_10.csv,0.25,5,0.1,FALSE,FALSE,TRUE,FALSE,TRUE,3,0,ExtraTreesRegressor,0.684163087,0.803450421,DummyRegressor,-0.031465215,ExtraTreesRegressor,0.684163087,,,,,
Main_cbe_01.csv,0.25,5,0.1,FALSE,FALSE,TRUE,FALSE,TRUE,3,0,ExtraTreesRegressor,0.729613922,0.136305216,DummyRegressor,-0.172283179,ExtraTreesRegressor,0.729613922,,,,,
Main_cbe_03.csv,0.25,5,0.1,FALSE,FALSE,TRUE,FALSE,TRUE,3,0,ExtraTreesRegressor,-0.654935926,0.031683902,DummyRegressor,-0.977783044,KNeighborsRegressor,-0.997593503,RandomForestRegressor,-0.688329855,ExtraTreesRegressor,-0.654935926,
Main_cbe_04.csv,0.25,5,0.1,FALSE,FALSE,TRUE,FALSE,TRUE,3,0,ExtraTreesRegressor,0.722552007,0.748104347,DummyRegressor,-0.096047915,KNeighborsRegressor,0.653285278,RandomForestRegressor,0.708419848,ExtraTreesRegressor,0.722552007,
Main_cbe_05.csv,0.25,5,0.01,FALSE,FALSE,TRUE,FALSE,TRUE,3,0,ExtraTreesRegressor,0.874418494,0.879653969,DummyRegressor,-0.009231408,KNeighborsRegressor,0.810625442,RandomForestRegressor,0.865869359,ExtraTreesRegressor,0.874418494,
Main_cbe_06.csv,0.25,5,0.01,FALSE,FALSE,TRUE,FALSE,TRUE,3,0,KNeighborsRegressor,0.873819555,0.918370309,DummyRegressor,-0.070246519,KNeighborsRegressor,0.873819555,RandomForestRegressor,0.844580351,ExtraTreesRegressor,0.868951892,
Main_cbe_06.csv,0.25,5,0.01,FALSE,FALSE,TRUE,FALSE,TRUE,3,0,ExtraTreesRegressor,0.952631203,0.943446049,DummyRegressor,-0.201232018,KNeighborsRegressor,0.911222916,RandomForestRegressor,0.947110336,ExtraTreesRegressor,0.952631203,
Main_cbe_06.csv,0.25,5,0.01,FALSE,FALSE,TRUE,FALSE,TRUE,3,0,ExtraTreesRegressor,0.949067135,0.944311522,DummyRegressor,-0.070304502,KNeighborsRegressor,0.910642513,RandomForestRegressor,0.942073827,ExtraTreesRegressor,0.949067135,
Main_cbe_06.csv,0.25,5,0.01,FALSE,FALSE,TRUE,FALSE,TRUE,3,0,ExtraTreesRegressor,0.955895436,0.948651427,DummyRegressor,-0.070304502,RandomForestRegressor,0.915845292,ExtraTreesRegressor,0.955895436,,,
Main_cbe_07.csv,0.25,5,0.01,FALSE,FALSE,TRUE,FALSE,TRUE,3,0,ExtraTreesRegressor,0.641580714,0.473646351,DummyRegressor,-0.07662072,RandomForestRegressor,0.619885286,ExtraTreesRegressor,0.641580714,,,
Main_cbe_07.csv,0.25,5,0.1,FALSE,FALSE,TRUE,FALSE,TRUE,3,0,ExtraTreesRegressor,0.648086498,0.473449937,DummyRegressor,-0.05656634,KNeighborsRegressor,0.601506399,RandomForestRegressor,0.626605474,ExtraTreesRegressor,0.648086498,
Main_cbe_08.csv,0.25,5,0.1,FALSE,FALSE,TRUE,FALSE,TRUE,3,0,ExtraTreesRegressor,0.839381362,0.94635786,DummyRegressor,-0.045698711,KNeighborsRegressor,0.788051639,RandomForestRegressor,0.821717312,ExtraTreesRegressor,0.839381362,
Main_cbe_08.csv,0.25,5,0.1,FALSE,FALSE,TRUE,FALSE,TRUE,3,0,KNeighborsRegressor,0.788067066,0.906105175,DummyRegressor,-0.045698711,KNeighborsRegressor,0.788067066,,,,,
Main_cbe_09.csv,0.25,5,0.1,FALSE,FALSE,TRUE,FALSE,TRUE,3,0,ExtraTreesRegressor,0.338473539,0.71693522,DummyRegressor,-0.252930931,KNeighborsRegressor,0.281315602,RandomForestRegressor,0.29392787,ExtraTreesRegressor,0.338473539,
Main_cbe_10.csv,0.25,5,0.1,FALSE,FALSE,TRUE,FALSE,TRUE,3,0,ExtraTreesRegressor,0.688166954,0.807000665,DummyRegressor,-0.031465215,KNeighborsRegressor,0.589443599,RandomForestRegressor,0.66711839,ExtraTreesRegressor,0.688166954,
v0.9b,,,,,,,,,,0,,,,,,,,,,,,
Main_cbe_06.csv,0.25,5,1,FALSE,FALSE,TRUE,FALSE,TRUE,3,0,ExtraTreesRegressor,0.958894934,0.951572643,DummyRegressor,-0.070304502,KNeighborsRegressor,0.911333244,RandomForestRegressor,0.953101508,ExtraTreesRegressor,0.958894934,
Main_cbe_07.csv,0.25,5,1,FALSE,FALSE,TRUE,FALSE,TRUE,3,0,ExtraTreesRegressor,0.649132472,0.477045916,DummyRegressor,-0.05656634,KNeighborsRegressor,0.601506399,RandomForestRegressor,0.628315094,ExtraTreesRegressor,0.649132472,
Main_cbe_03.csv,0.25,5,1,FALSE,FALSE,TRUE,FALSE,TRUE,3,0,RandomForestRegressor,-0.637435552,0.040500941,DummyRegressor,-0.977783044,KNeighborsRegressor,-0.997593503,RandomForestRegressor,-0.637435552,ExtraTreesRegressor,-0.638138752,
Main_cbe_01.csv,0.25,5,1,FALSE,FALSE,TRUE,FALSE,TRUE,3,0,ExtraTreesRegressor,0.730368242,0.130814916,DummyRegressor,-0.172283179,KNeighborsRegressor,0.682203016,RandomForestRegressor,0.723624654,ExtraTreesRegressor,0.730368242,
Main_cbe_08.csv,0.25,5,1,FALSE,FALSE,TRUE,FALSE,TRUE,3,0,ExtraTreesRegressor,0.841124263,0.947169684,DummyRegressor,-0.045698711,KNeighborsRegressor,0.788067066,RandomForestRegressor,0.826816902,ExtraTreesRegressor,0.841124263,
Main_cbe_09.csv,0.25,5,1,FALSE,FALSE,TRUE,FALSE,TRUE,3,0,ExtraTreesRegressor,0.343345595,0.721538142,DummyRegressor,-0.252930931,KNeighborsRegressor,0.281315602,RandomForestRegressor,0.306842315,ExtraTreesRegressor,0.343345595,
Main_cbe_04.csv,0.25,5,1,FALSE,FALSE,TRUE,FALSE,TRUE,3,0,ExtraTreesRegressor,0.72505793,0.750783521,DummyRegressor,-0.096047915,KNeighborsRegressor,0.653285278,RandomForestRegressor,0.713990688,ExtraTreesRegressor,0.72505793,
Main_cbe_05.csv,0.25,5,1,FALSE,FALSE,TRUE,FALSE,TRUE,3,0,ExtraTreesRegressor,0.878843935,0.884504189,DummyRegressor,-0.009231408,KNeighborsRegressor,0.810718482,RandomForestRegressor,0.875005497,ExtraTreesRegressor,0.878843935,
Main_cbe_10.csv,0.25,5,1,FALSE,FALSE,TRUE,FALSE,TRUE,3,0,ExtraTreesRegressor,0.68868681,0.803735114,DummyRegressor,-0.031465215,KNeighborsRegressor,0.589443599,RandomForestRegressor,0.67822954,ExtraTreesRegressor,0.68868681,
Main_cbe_02.csv,0.25,5,1,FALSE,FALSE,TRUE,FALSE,TRUE,3,0,ExtraTreesRegressor,0.821359965,0.840141035,DummyRegressor,-0.015596563,KNeighborsRegressor,0.743668553,RandomForestRegressor,0.80987292,ExtraTreesRegressor,0.821359965,
Main_cbe_08.csv,0.25,5,0.1,FALSE,FALSE,TRUE,FALSE,TRUE,3,0,ExtraTreesRegressor,0.841123472,0.948114926,DummyRegressor,-0.045698711,KNeighborsRegressor,0.788067066,RandomForestRegressor,0.820752185,ExtraTreesRegressor,0.841123472,
Main_cbe_08.csv,0.25,5,0.01,FALSE,FALSE,TRUE,FALSE,TRUE,3,0,ExtraTreesRegressor,0.835543252,0.940735087,DummyRegressor,-0.045698711,KNeighborsRegressor,0.787887039,RandomForestRegressor,0.818423622,ExtraTreesRegressor,0.835543252,
Main_cbe_08short.csv,0.25,5,0.1,FALSE,FALSE,TRUE,FALSE,TRUE,3,0,ExtraTreesRegressor,0.808135187,0.87239459,DummyRegressor,-0.092696248,KNeighborsRegressor,0.783600291,RandomForestRegressor,0.791340099,ExtraTreesRegressor,0.808135187,
Main_cbe_08shorter.csv,0.25,5,0.1,FALSE,FALSE,TRUE,FALSE,TRUE,3,0,ExtraTreesRegressor,0.937050549,0.919905158,DummyRegressor,-0.006087425,KNeighborsRegressor,0.88417657,RandomForestRegressor,0.926967327,ExtraTreesRegressor,0.937050549,
Main_cbe_08shorter.csv,0.25,5,0.1,FALSE,FALSE,TRUE,FALSE,TRUE,3,0,ExtraTreesRegressor,0.93809097,0.923392512,DummyRegressor,-0.006087425,KNeighborsRegressor,0.88388989,RandomForestRegressor,0.92921031,ExtraTreesRegressor,0.93809097,
Main_cbe_08shorter.csv,0.25,5,0.01,FALSE,FALSE,TRUE,FALSE,TRUE,3,0,ExtraTreesRegressor,0.929999205,0.9182253,DummyRegressor,-0.006087425,KNeighborsRegressor,0.882845132,RandomForestRegressor,0.901593141,ExtraTreesRegressor,0.929999205,
Main_cbe_08shorter.csv,0.25,5,0.01,FALSE,FALSE,TRUE,FALSE,TRUE,3,0,ExtraTreesRegressor,0.936554441,0.922415727,DummyRegressor,-0.006087425,ExtraTreesRegressor,0.936554441,,,,,
Main_cbe_08short.csv,0.25,5,0.01,FALSE,FALSE,TRUE,FALSE,TRUE,3,0,ExtraTreesRegressor,0.797976271,0.88421417,DummyRegressor,-0.092696248,ExtraTreesRegressor,0.797976271,,,,,
Main_cbe_08short.csv,0.25,5,0.01,FALSE,FALSE,TRUE,FALSE,TRUE,1,0,ExtraTreesRegressor,0.806519804,0.880779348,DummyRegressor,-0.092245959,ExtraTreesRegressor,0.806519804,,,,,
Main_cbe_08short.csv,0.25,5,0.1,FALSE,FALSE,TRUE,FALSE,TRUE,1,0,ExtraTreesRegressor,0.802221262,0.884598252,DummyRegressor,-0.092245959,ExtraTreesRegressor,0.802221262,,,,,
Main_cbe_08shorter.csv,0.25,5,0.1,FALSE,FALSE,TRUE,FALSE,TRUE,1,0,ExtraTreesRegressor,0.937809148,0.92326228,DummyRegressor,-0.006139789,ExtraTreesRegressor,0.937809148,,,,,
Main_cbe_08shorter.csv,0.25,5,0.5,FALSE,FALSE,TRUE,FALSE,TRUE,1,0,ExtraTreesRegressor,0.938219072,0.921051769,DummyRegressor,-0.006139789,ExtraTreesRegressor,0.938219072,,,,,
Main_cbe_08shorter.csv,0.25,5,0.05,FALSE,FALSE,TRUE,FALSE,TRUE,1,0,ExtraTreesRegressor,0.937755207,0.925174211,DummyRegressor,-0.006139789,KNeighborsRegressor,0.890149336,ExtraTreesRegressor,0.937755207,,,
Main_cbe_08shorter.csv,0.25,5,0.1,FALSE,FALSE,TRUE,FALSE,TRUE,1,0,ExtraTreesRegressor,0.937900857,0.925099711,DummyRegressor,-0.006139789,KNeighborsRegressor,0.890839212,ExtraTreesRegressor,0.937900857,,,
Main_cbe_08shorter.csv,0.25,5,0.1,FALSE,FALSE,TRUE,FALSE,TRUE,1,0,ExtraTreesRegressor,0.936584047,0.926010555,DummyRegressor,-0.006139789,ExtraTreesRegressor,0.936584047,,,,,
Main_cbe_08shorter.csv,0.25,5,0.1,FALSE,FALSE,TRUE,FALSE,TRUE,2,0,ExtraTreesRegressor,0.939544523,0.922046686,DummyRegressor,-0.006113006,ExtraTreesRegressor,0.939544523,,,,,
Main_cbe_08shorter.csv,0.25,5,0.1,FALSE,FALSE,TRUE,FALSE,TRUE,0,0,ExtraTreesRegressor,0.936624602,0.926649634,DummyRegressor,-0.006115685,ExtraTreesRegressor,0.936624602,,,,,
Main_cbe_08shorter.csv,0.4,5,0.1,FALSE,FALSE,TRUE,FALSE,TRUE,2,0,ExtraTreesRegressor,0.932996277,0.935593311,DummyRegressor,-0.004506379,ExtraTreesRegressor,0.932996277,,,,,
Main_cbe_08shorter.csv,0.66,5,0.1,FALSE,FALSE,TRUE,FALSE,TRUE,2,0,ExtraTreesRegressor,0.898328835,0.919596927,DummyRegressor,-0.007234512,ExtraTreesRegressor,0.898328835,,,,,
Main_cbe_08shorter.csv,0.8,5,0.1,FALSE,FALSE,TRUE,FALSE,TRUE,2,0,ExtraTreesRegressor,0.901981394,0.918171397,DummyRegressor,-0.024205976,ExtraTreesRegressor,0.901981394,,,,,
Main_cbe_08shorter.csv,0.9,5,0.1,FALSE,FALSE,TRUE,FALSE,TRUE,2,0,ExtraTreesRegressor,0.832575936,0.899719002,DummyRegressor,-0.064528838,ExtraTreesRegressor,0.832575936,,,,,
Main_cbe_08shorter.csv,0.33,5,0.1,FALSE,FALSE,TRUE,FALSE,TRUE,2,0,ExtraTreesRegressor,0.936429472,0.926663305,DummyRegressor,-0.008515049,ExtraTreesRegressor,0.936429472,,,,,
Main_cbe_08short.csv,0.33,5,0.01,FALSE,FALSE,TRUE,FALSE,TRUE,2,0,ExtraTreesRegressor,0.89521164,0.758380183,DummyRegressor,-0.014600396,ExtraTreesRegressor,0.89521164,,,,,
Main_cbe_08short.csv,0.1,5,0.01,FALSE,FALSE,TRUE,FALSE,TRUE,2,0,ExtraTreesRegressor,0.812636679,0.911303016,DummyRegressor,-0.082606436,ExtraTreesRegressor,0.812636679,,,,,
Main_cbe_08.csv,0.5,5,0.01,FALSE,FALSE,TRUE,FALSE,TRUE,2,0,ExtraTreesRegressor,0.820800057,0.872190014,DummyRegressor,-0.067110661,ExtraTreesRegressor,0.820800057,,,,,
Main_cbe_09.csv,0.5,5,0.05,FALSE,FALSE,TRUE,FALSE,TRUE,2,0,ExtraTreesRegressor,-0.092016388,0.713513541,DummyRegressor,-0.548331982,ExtraTreesRegressor,-0.092016388,,,,,
Main_cbe_09.csv,0.7,5,0.05,FALSE,FALSE,TRUE,FALSE,TRUE,2,0,ExtraTreesRegressor,0.587580559,0.429361677,DummyRegressor,-0.298093586,ExtraTreesRegressor,0.587580559,,,,,
Main_cbe_01.csv,0.33,5,0.1,FALSE,FALSE,TRUE,FALSE,TRUE,2,0.1,ExtraTreesRegressor,0.774773668,0.689956714,DummyRegressor,-0.173004423,KNeighborsRegressor,0.685668324,RandomForestRegressor,0.771329741,ExtraTreesRegressor,0.774773668,
Main_cbe_01.csv,0.33,10,0.1,FALSE,FALSE,TRUE,FALSE,TRUE,2,0.1,ExtraTreesRegressor,0.759421004,0.667819707,DummyRegressor,-0.182102587,KNeighborsRegressor,0.673943504,RandomForestRegressor,0.754605848,ExtraTreesRegressor,0.759421004,
Main_cbe_02.csv,0.33,2,0.1,FALSE,FALSE,TRUE,FALSE,TRUE,2,0.1,ExtraTreesRegressor,0.743000363,0.907433606,DummyRegressor,-0.078814005,KNeighborsRegressor,0.634284511,RandomForestRegressor,0.731691914,ExtraTreesRegressor,0.743000363,
Main_cbe_02.csv,0.33,5,0.1,FALSE,FALSE,TRUE,FALSE,TRUE,2,0.1,ExtraTreesRegressor,0.77622266,0.906177549,DummyRegressor,-0.045611136,KNeighborsRegressor,0.649586467,RandomForestRegressor,0.758773543,ExtraTreesRegressor,0.77622266,
Main_cbe_02.csv,0.33,10,0.1,FALSE,FALSE,TRUE,FALSE,TRUE,2,0.1,ExtraTreesRegressor,0.775011533,0.905103695,DummyRegressor,-0.063728492,KNeighborsRegressor,0.634642647,RandomForestRegressor,0.759034537,ExtraTreesRegressor,0.775011533,
Main_cbe_04.csv,0.33,2,0.1,FALSE,FALSE,TRUE,FALSE,TRUE,2,0.1,ExtraTreesRegressor,0.861083848,0.865690891,DummyRegressor,-0.006562473,KNeighborsRegressor,0.753172824,RandomForestRegressor,0.82731062,ExtraTreesRegressor,0.861083848,
Main_cbe_04.csv,0.33,5,0.1,FALSE,FALSE,TRUE,FALSE,TRUE,2,0.1,ExtraTreesRegressor,0.852252897,0.864134437,DummyRegressor,-0.005102801,KNeighborsRegressor,0.753661809,RandomForestRegressor,0.829488125,ExtraTreesRegressor,0.852252897,
Main_cbe_04.csv,0.33,10,0.1,FALSE,FALSE,TRUE,FALSE,TRUE,2,0.1,ExtraTreesRegressor,0.861257752,0.867938061,DummyRegressor,-0.005605184,KNeighborsRegressor,0.756600667,RandomForestRegressor,0.842142663,ExtraTreesRegressor,0.861257752,
Main_cbe_05.csv,0.33,2,0.1,FALSE,FALSE,TRUE,FALSE,TRUE,2,0.1,RandomForestRegressor,0.808912521,0.818472334,DummyRegressor,-0.000121239,KNeighborsRegressor,0.68941139,RandomForestRegressor,0.808912521,ExtraTreesRegressor,0.80244401,
Main_cbe_05.csv,0.33,5,0.1,FALSE,FALSE,TRUE,FALSE,TRUE,2,0.1,RandomForestRegressor,0.927997479,0.822684475,DummyRegressor,-0.022390986,KNeighborsRegressor,0.833209076,RandomForestRegressor,0.927997479,ExtraTreesRegressor,0.915931606,
Main_cbe_05.csv,0.33,10,0.1,FALSE,FALSE,TRUE,FALSE,TRUE,2,0.1,RandomForestRegressor,0.915181074,0.814162359,DummyRegressor,-0.50509122,KNeighborsRegressor,0.701300099,RandomForestRegressor,0.915181074,ExtraTreesRegressor,0.913748459,
Main_cbe_06.csv,0.33,2,0.1,FALSE,FALSE,TRUE,FALSE,TRUE,2,0.1,RandomForestRegressor,0.840833034,0.914757204,DummyRegressor,-0.001763664,KNeighborsRegressor,0.758384931,RandomForestRegressor,0.840833034,ExtraTreesRegressor,0.814821517,
Main_cbe_06.csv,0.33,5,0.1,FALSE,FALSE,TRUE,FALSE,TRUE,2,0.1,RandomForestRegressor,0.965274144,0.906840272,DummyRegressor,-0.017658027,KNeighborsRegressor,0.896738813,RandomForestRegressor,0.965274144,ExtraTreesRegressor,0.946730804,
Main_cbe_06.csv,0.33,10,0.1,FALSE,FALSE,TRUE,FALSE,TRUE,2,0.1,RandomForestRegressor,0.977324143,0.917597273,DummyRegressor,-0.171044702,KNeighborsRegressor,0.75120172,RandomForestRegressor,0.977324143,ExtraTreesRegressor,0.95083923,
Main_cbe_01.csv,0.33,2,0.1,FALSE,FALSE,TRUE,FALSE,TRUE,2,None,ExtraTreesRegressor,0.731715158,0.279572793,DummyRegressor,-0.005198115,KNeighborsRegressor,0.692285096,RandomForestRegressor,0.720464236,ExtraTreesRegressor,0.731715158,2
Main_cbe_01.csv,0.33,5,0.1,FALSE,FALSE,TRUE,FALSE,TRUE,2,None,ExtraTreesRegressor,0.740433522,0.273476248,DummyRegressor,-0.111285659,KNeighborsRegressor,0.694406314,RandomForestRegressor,0.733837486,ExtraTreesRegressor,0.740433522,
Main_cbe_01.csv,0.33,10,0.1,FALSE,FALSE,TRUE,FALSE,TRUE,2,None,ExtraTreesRegressor,0.725196225,0.271319317,DummyRegressor,-0.24303838,KNeighborsRegressor,0.689551158,RandomForestRegressor,0.718983053,ExtraTreesRegressor,0.725196225,
Main_cbe_02.csv,0.33,2,0.1,FALSE,FALSE,TRUE,FALSE,TRUE,2,None,ExtraTreesRegressor,0.823089116,0.777285982,DummyRegressor,-0.024585607,KNeighborsRegressor,0.749097069,RandomForestRegressor,0.806910344,ExtraTreesRegressor,0.823089116,
Main_cbe_02.csv,0.33,5,0.1,FALSE,FALSE,TRUE,FALSE,TRUE,2,None,ExtraTreesRegressor,0.826803376,0.783083277,DummyRegressor,-0.015195705,KNeighborsRegressor,0.762106183,RandomForestRegressor,0.817923135,ExtraTreesRegressor,0.826803376,5
Main_cbe_02.csv,0.33,10,0.1,FALSE,FALSE,TRUE,FALSE,TRUE,2,None,ExtraTreesRegressor,0.838194825,0.780218277,DummyRegressor,-0.025424075,KNeighborsRegressor,0.770798662,RandomForestRegressor,0.823396815,ExtraTreesRegressor,0.838194825,
Main_cbe_05.csv,0.33,2,0.1,FALSE,FALSE,TRUE,FALSE,TRUE,2,None,ExtraTreesRegressor,0.881519975,0.813284232,DummyRegressor,-0.011790713,KNeighborsRegressor,0.815649131,RandomForestRegressor,0.880726114,ExtraTreesRegressor,0.881519975,
Main_cbe_05.csv,0.33,5,0.1,FALSE,FALSE,TRUE,FALSE,TRUE,2,None,ExtraTreesRegressor,0.910018935,0.814031456,DummyRegressor,-0.012370745,KNeighborsRegressor,0.851691778,RandomForestRegressor,0.902842822,ExtraTreesRegressor,0.910018935,5
Main_cbe_05.csv,0.33,10,0.1,FALSE,FALSE,TRUE,FALSE,TRUE,2,None,ExtraTreesRegressor,0.928877091,0.813486938,DummyRegressor,-0.014950785,KNeighborsRegressor,0.877763313,RandomForestRegressor,0.924161318,ExtraTreesRegressor,0.928877091,
Main_cbe_06.csv,0.33,2,0.1,FALSE,FALSE,TRUE,FALSE,TRUE,2,None,ExtraTreesRegressor,0.953351006,0.949209609,DummyRegressor,-0.000235625,KNeighborsRegressor,0.927066714,RandomForestRegressor,0.94928388,ExtraTreesRegressor,0.953351006,
Main_cbe_06.csv,0.33,5,0.1,FALSE,FALSE,TRUE,FALSE,TRUE,2,None,ExtraTreesRegressor,0.953937213,0.952027518,DummyRegressor,-0.074747454,KNeighborsRegressor,0.918912635,RandomForestRegressor,0.949766359,ExtraTreesRegressor,0.953937213,
Main_cbe_06.csv,0.33,10,0.1,FALSE,FALSE,TRUE,FALSE,TRUE,2,None,ExtraTreesRegressor,0.960459875,0.953668031,DummyRegressor,-0.076846327,KNeighborsRegressor,0.929989578,RandomForestRegressor,0.953822653,ExtraTreesRegressor,0.960459875,10
Main_cbe_07.csv,0.33,2,0.1,FALSE,FALSE,TRUE,FALSE,TRUE,2,None,ExtraTreesRegressor,0.627614973,0.482119619,DummyRegressor,-0.023574532,KNeighborsRegressor,0.558787205,RandomForestRegressor,0.612119992,ExtraTreesRegressor,0.627614973,
Main_cbe_07.csv,0.33,5,0.1,FALSE,FALSE,TRUE,FALSE,TRUE,2,None,ExtraTreesRegressor,0.632969409,0.486783503,DummyRegressor,-0.070791091,KNeighborsRegressor,0.572658807,RandomForestRegressor,0.616655632,ExtraTreesRegressor,0.632969409,
Main_cbe_07.csv,0.33,10,0.1,FALSE,FALSE,TRUE,FALSE,TRUE,2,None,ExtraTreesRegressor,0.647232882,0.493000824,DummyRegressor,-0.10843043,KNeighborsRegressor,0.592949211,RandomForestRegressor,0.636945251,ExtraTreesRegressor,0.647232882,10
Main_cbe_08.csv,0.33,2,0.1,FALSE,FALSE,TRUE,FALSE,TRUE,2,None,ExtraTreesRegressor,0.84559708,0.872231163,DummyRegressor,-0.048656506,KNeighborsRegressor,0.792248254,RandomForestRegressor,0.826625672,ExtraTreesRegressor,0.84559708,
Main_cbe_08.csv,0.33,5,0.1,FALSE,FALSE,TRUE,FALSE,TRUE,2,None,ExtraTreesRegressor,0.857739948,0.87333196,DummyRegressor,-0.030088754,KNeighborsRegressor,0.811037034,RandomForestRegressor,0.847201536,ExtraTreesRegressor,0.857739948,5
Main_cbe_08.csv,0.33,10,0.1,FALSE,FALSE,TRUE,FALSE,TRUE,2,None,ExtraTreesRegressor,0.857941538,0.870381552,DummyRegressor,-0.054195076,KNeighborsRegressor,0.807751218,RandomForestRegressor,0.844507339,ExtraTreesRegressor,0.857941538,
Main_cbe_09.csv,0.33,2,0.1,FALSE,FALSE,TRUE,FALSE,TRUE,2,None,ExtraTreesRegressor,0.362719833,0.65576772,DummyRegressor,-0.157137777,KNeighborsRegressor,0.348503824,RandomForestRegressor,0.354494016,ExtraTreesRegressor,0.362719833,
Main_cbe_09.csv,0.33,5,0.1,FALSE,FALSE,TRUE,FALSE,TRUE,2,None,RandomForestRegressor,0.262499927,0.660915866,DummyRegressor,-0.295919924,KNeighborsRegressor,0.20632755,RandomForestRegressor,0.262499927,ExtraTreesRegressor,0.246351151,
Main_cbe_09.csv,0.33,10,0.1,FALSE,FALSE,TRUE,FALSE,TRUE,2,None,ExtraTreesRegressor,0.357215545,0.673586612,DummyRegressor,-0.333849887,KNeighborsRegressor,0.299002034,RandomForestRegressor,0.346573381,ExtraTreesRegressor,0.357215545,10
Main_cbe_10.csv,0.33,2,0.1,FALSE,FALSE,TRUE,FALSE,TRUE,2,None,ExtraTreesRegressor,0.64955962,0.661342111,DummyRegressor,-0.097217099,KNeighborsRegressor,0.589707314,RandomForestRegressor,0.637494286,ExtraTreesRegressor,0.64955962,
Main_cbe_10.csv,0.33,5,0.1,FALSE,FALSE,TRUE,FALSE,TRUE,2,None,ExtraTreesRegressor,0.714786577,0.662603837,DummyRegressor,-0.027490051,KNeighborsRegressor,0.658144765,RandomForestRegressor,0.705862757,ExtraTreesRegressor,0.714786577,5
Main_cbe_10.csv,0.33,10,0.1,FALSE,FALSE,TRUE,FALSE,TRUE,2,None,ExtraTreesRegressor,0.68489354,0.650357164,DummyRegressor,-0.160362286,KNeighborsRegressor,0.62888105,RandomForestRegressor,0.669935863,ExtraTreesRegressor,0.68489354,
Main_cbe_01.csv,0.33,2,0.1,FALSE,FALSE,TRUE,FALSE,TRUE,2,0.5,ExtraTreesRegressor,0.759479165,0.701306307,DummyRegressor,-0.020717519,KNeighborsRegressor,0.731344745,RandomForestRegressor,0.75054456,ExtraTreesRegressor,0.759479165,2
Main_cbe_01.csv,0.33,5,0.1,FALSE,FALSE,TRUE,FALSE,TRUE,2,0.5,ExtraTreesRegressor,0.772109202,0.700824167,DummyRegressor,-0.062069628,KNeighborsRegressor,0.734549145,RandomForestRegressor,0.765936433,ExtraTreesRegressor,0.772109202,
Main_cbe_01.csv,0.33,10,0.1,FALSE,FALSE,TRUE,FALSE,TRUE,2,0.5,ExtraTreesRegressor,0.77543535,0.700899391,DummyRegressor,-0.09954189,KNeighborsRegressor,0.739340028,RandomForestRegressor,0.771354123,ExtraTreesRegressor,0.77543535,
Main_cbe_02.csv,0.33,2,0.1,FALSE,FALSE,TRUE,FALSE,TRUE,2,0.5,ExtraTreesRegressor,0.817333416,0.743991358,DummyRegressor,-0.013592255,KNeighborsRegressor,0.741207781,RandomForestRegressor,0.807924124,ExtraTreesRegressor,0.817333416,2
Main_cbe_02.csv,0.33,5,0.1,FALSE,FALSE,TRUE,FALSE,TRUE,2,0.5,ExtraTreesRegressor,0.845824798,0.739453982,DummyRegressor,-0.012529562,KNeighborsRegressor,0.790205144,RandomForestRegressor,0.838589757,ExtraTreesRegressor,0.845824798,
Main_cbe_02.csv,0.33,10,0.1,FALSE,FALSE,TRUE,FALSE,TRUE,2,0.5,ExtraTreesRegressor,0.855294187,0.734415895,DummyRegressor,-0.064972677,KNeighborsRegressor,0.797710913,RandomForestRegressor,0.849651896,ExtraTreesRegressor,0.855294187,
Main_cbe_05.csv,0.33,2,0.1,FALSE,FALSE,TRUE,FALSE,TRUE,2,0.5,RandomForestRegressor,0.905958169,0.841233645,DummyRegressor,-0.004415294,KNeighborsRegressor,0.833144592,RandomForestRegressor,0.905958169,ExtraTreesRegressor,0.900233764,
Main_cbe_05.csv,0.33,5,0.1,FALSE,FALSE,TRUE,FALSE,TRUE,2,0.5,ExtraTreesRegressor,0.927588571,0.86300516,DummyRegressor,-0.004832135,KNeighborsRegressor,0.857807092,RandomForestRegressor,0.923401122,ExtraTreesRegressor,0.927588571,
Main_cbe_05.csv,0.33,10,0.1,FALSE,FALSE,TRUE,FALSE,TRUE,2,0.5,ExtraTreesRegressor,0.931560078,0.863567501,DummyRegressor,-0.011574781,KNeighborsRegressor,0.893384894,RandomForestRegressor,0.928480582,ExtraTreesRegressor,0.931560078,10
Main_cbe_06.csv,0.33,2,0.1,FALSE,FALSE,TRUE,FALSE,TRUE,2,0.5,RandomForestRegressor,0.924389669,0.947282226,DummyRegressor,-0.087282018,KNeighborsRegressor,0.88007446,RandomForestRegressor,0.924389669,ExtraTreesRegressor,0.912973058,
Main_cbe_06.csv,0.33,5,0.1,FALSE,FALSE,TRUE,FALSE,TRUE,2,0.5,RandomForestRegressor,0.940054897,0.947930413,DummyRegressor,-0.064027936,KNeighborsRegressor,0.891881124,RandomForestRegressor,0.940054897,ExtraTreesRegressor,0.938443193,10
Main_cbe_06.csv,0.33,10,0.1,FALSE,FALSE,TRUE,FALSE,TRUE,2,0.5,RandomForestRegressor,0.944262997,0.945074406,DummyRegressor,-0.065694628,KNeighborsRegressor,0.924359284,RandomForestRegressor,0.944262997,ExtraTreesRegressor,0.943781743,
Main_cbe_07.csv,0.33,2,0.1,FALSE,FALSE,TRUE,FALSE,TRUE,2,0.5,ExtraTreesRegressor,0.553206226,0.650742366,DummyRegressor,-0.02329436,KNeighborsRegressor,0.450599317,RandomForestRegressor,0.54372949,ExtraTreesRegressor,0.553206226,
Main_cbe_07.csv,0.33,5,0.1,FALSE,FALSE,TRUE,FALSE,TRUE,2,0.5,ExtraTreesRegressor,0.539771587,0.663086208,DummyRegressor,-0.159324677,KNeighborsRegressor,0.487232219,RandomForestRegressor,0.529972682,ExtraTreesRegressor,0.539771587,5
Main_cbe_07.csv,0.33,10,0.1,FALSE,FALSE,TRUE,FALSE,TRUE,2,0.5,ExtraTreesRegressor,0.548438281,0.654917603,DummyRegressor,-0.169598026,KNeighborsRegressor,0.499064141,RandomForestRegressor,0.536063718,ExtraTreesRegressor,0.548438281,
Main_cbe_08.csv,0.33,2,0.1,FALSE,FALSE,TRUE,FALSE,TRUE,2,0.5,ExtraTreesRegressor,0.899708609,0.723453537,DummyRegressor,-0.004053844,KNeighborsRegressor,0.826795679,RandomForestRegressor,0.881630146,ExtraTreesRegressor,0.899708609,
Main_cbe_08.csv,0.33,5,0.1,FALSE,FALSE,TRUE,FALSE,TRUE,2,0.5,ExtraTreesRegressor,0.904115897,0.733451573,DummyRegressor,-0.007903955,KNeighborsRegressor,0.845787161,RandomForestRegressor,0.90042631,ExtraTreesRegressor,0.904115897,
Main_cbe_08.csv,0.33,10,0.1,FALSE,FALSE,TRUE,FALSE,TRUE,2,0.5,ExtraTreesRegressor,0.911543689,0.742799868,DummyRegressor,-0.018799118,KNeighborsRegressor,0.862264506,RandomForestRegressor,0.906095181,ExtraTreesRegressor,0.911543689,10
Main_cbe_09.csv,0.33,2,0.1,FALSE,FALSE,TRUE,FALSE,TRUE,2,0.5,ExtraTreesRegressor,0.264140326,-0.233324286,DummyRegressor,-0.218222027,KNeighborsRegressor,0.174883394,RandomForestRegressor,0.239421895,ExtraTreesRegressor,0.264140326,2
Main_cbe_09.csv,0.33,5,0.1,FALSE,FALSE,TRUE,FALSE,TRUE,2,0.5,ExtraTreesRegressor,0.252151975,-0.25369618,DummyRegressor,-0.378782801,KNeighborsRegressor,0.20020965,RandomForestRegressor,0.241738242,ExtraTreesRegressor,0.252151975,
Main_cbe_09.csv,0.33,10,0.1,FALSE,FALSE,TRUE,FALSE,TRUE,2,0.5,ExtraTreesRegressor,0.422652524,-0.290260773,DummyRegressor,-0.412949063,KNeighborsRegressor,0.368882837,RandomForestRegressor,0.406879783,ExtraTreesRegressor,0.422652524,
Main_cbe_10.csv,0.33,2,0.1,FALSE,FALSE,TRUE,FALSE,TRUE,2,0.5,ExtraTreesRegressor,0.588976318,0.46598224,DummyRegressor,-0.012614861,KNeighborsRegressor,0.510007742,RandomForestRegressor,0.561767465,ExtraTreesRegressor,0.588976318,10
Main_cbe_10.csv,0.33,5,0.1,FALSE,FALSE,TRUE,FALSE,TRUE,2,0.5,ExtraTreesRegressor,0.520491629,0.437312605,DummyRegressor,-0.271526304,KNeighborsRegressor,0.472350767,RandomForestRegressor,0.505328073,ExtraTreesRegressor,0.520491629,
Main_cbe_10.csv,0.33,10,0.1,FALSE,FALSE,TRUE,FALSE,TRUE,2,0.5,ExtraTreesRegressor,0.466091678,0.450931645,DummyRegressor,-0.364782675,KNeighborsRegressor,0.421089163,RandomForestRegressor,0.448000734,ExtraTreesRegressor,0.466091678,
Main_cbe_02.csv,0.33,5,0.1,FALSE,FALSE,TRUE,FALSE,TRUE,2,0.2,ExtraTreesRegressor,0.815053595,0.857899934,DummyRegressor,-0.059757014,KNeighborsRegressor,0.740170581,RandomForestRegressor,0.796773841,ExtraTreesRegressor,0.815053595,5
Main_cbe_02.csv,0.33,10,0.1,FALSE,FALSE,TRUE,FALSE,TRUE,2,0.2,ExtraTreesRegressor,0.835412301,0.855938009,DummyRegressor,-0.054493056,KNeighborsRegressor,0.7694589,RandomForestRegressor,0.825559977,ExtraTreesRegressor,0.835412301,
Main_cbe_05.csv,0.33,2,0.1,FALSE,FALSE,TRUE,FALSE,TRUE,2,0.2,ExtraTreesRegressor,0.878297064,0.94668749,DummyRegressor,-0.000560487,KNeighborsRegressor,0.699027748,RandomForestRegressor,0.874204321,ExtraTreesRegressor,0.878297064,2
Main_cbe_05.csv,0.33,5,0.1,FALSE,FALSE,TRUE,FALSE,TRUE,2,0.2,ExtraTreesRegressor,0.914645962,0.940224618,DummyRegressor,-0.009454845,KNeighborsRegressor,0.794335537,RandomForestRegressor,0.901009655,ExtraTreesRegressor,0.914645962,
Main_cbe_05.csv,0.33,10,0.1,FALSE,FALSE,TRUE,FALSE,TRUE,2,0.2,ExtraTreesRegressor,0.912149691,0.943729851,DummyRegressor,-0.038956533,KNeighborsRegressor,0.82469353,RandomForestRegressor,0.898076828,ExtraTreesRegressor,0.912149691,
Main_cbe_06.csv,0.33,2,0.1,FALSE,FALSE,TRUE,FALSE,TRUE,2,0.2,RandomForestRegressor,0.894338105,0.917815026,DummyRegressor,-0.060439144,KNeighborsRegressor,0.747613437,RandomForestRegressor,0.894338105,ExtraTreesRegressor,0.891052832,
Main_cbe_06.csv,0.33,5,0.1,FALSE,FALSE,TRUE,FALSE,TRUE,2,0.2,ExtraTreesRegressor,0.914370987,0.937973616,DummyRegressor,-0.044605575,KNeighborsRegressor,0.825565629,RandomForestRegressor,0.911907752,ExtraTreesRegressor,0.914370987,
Main_cbe_06.csv,0.33,10,0.1,FALSE,FALSE,TRUE,FALSE,TRUE,2,0.2,ExtraTreesRegressor,0.942685733,0.938748158,DummyRegressor,-0.051908007,KNeighborsRegressor,0.867400737,RandomForestRegressor,0.938250294,ExtraTreesRegressor,0.942685733,10
Main_cbe_07.csv,0.33,2,0.1,FALSE,FALSE,TRUE,FALSE,TRUE,2,0.2,RandomForestRegressor,0.369665044,0.702031616,DummyRegressor,-0.252707758,KNeighborsRegressor,0.171515957,RandomForestRegressor,0.369665044,ExtraTreesRegressor,0.326736799,
Main_cbe_07.csv,0.33,5,0.1,FALSE,FALSE,TRUE,FALSE,TRUE,2,0.2,RandomForestRegressor,0.369347761,0.671665616,DummyRegressor,-0.306532918,KNeighborsRegressor,0.320016098,RandomForestRegressor,0.369347761,ExtraTreesRegressor,0.365625457,
Main_cbe_07.csv,0.33,10,0.1,FALSE,FALSE,TRUE,FALSE,TRUE,2,0.2,ExtraTreesRegressor,0.475725029,0.726678542,DummyRegressor,-0.245524054,KNeighborsRegressor,0.425337103,RandomForestRegressor,0.467056934,ExtraTreesRegressor,0.475725029,10
Main_cbe_08.csv,0.33,2,0.1,FALSE,FALSE,TRUE,FALSE,TRUE,2,0.2,ExtraTreesRegressor,0.918467636,0.933627049,DummyRegressor,-0.009924392,KNeighborsRegressor,0.825749557,RandomForestRegressor,0.912051999,ExtraTreesRegressor,0.918467636,
Main_cbe_08.csv,0.33,5,0.1,FALSE,FALSE,TRUE,FALSE,TRUE,2,0.2,ExtraTreesRegressor,0.917074502,0.93806166,DummyRegressor,-0.019290754,KNeighborsRegressor,0.863555304,RandomForestRegressor,0.906488517,ExtraTreesRegressor,0.917074502,5
Main_cbe_08.csv,0.33,10,0.1,FALSE,FALSE,TRUE,FALSE,TRUE,2,0.2,ExtraTreesRegressor,0.926896231,0.930168256,DummyRegressor,-0.021105225,KNeighborsRegressor,0.873834732,RandomForestRegressor,0.907375359,ExtraTreesRegressor,0.926896231,
Main_cbe_09.csv,0.33,2,0.1,FALSE,FALSE,TRUE,FALSE,TRUE,2,0.2,ExtraTreesRegressor,0.301670293,0.568645683,DummyRegressor,-0.693326264,KNeighborsRegressor,0.15756195,RandomForestRegressor,0.26536947,ExtraTreesRegressor,0.301670293,
Main_cbe_09.csv,0.33,5,0.1,FALSE,FALSE,TRUE,FALSE,TRUE,2,0.2,ExtraTreesRegressor,0.579364288,0.565463778,DummyRegressor,-0.296471182,KNeighborsRegressor,0.49280846,RandomForestRegressor,0.568878395,ExtraTreesRegressor,0.579364288,
Main_cbe_09.csv,0.33,10,0.1,FALSE,FALSE,TRUE,FALSE,TRUE,2,0.2,ExtraTreesRegressor,0.652889948,0.579578125,DummyRegressor,-0.258695186,KNeighborsRegressor,0.562833718,RandomForestRegressor,0.651238687,ExtraTreesRegressor,0.652889948,10
Main_cbe_10.csv,0.33,2,0.1,FALSE,FALSE,TRUE,FALSE,TRUE,2,0.2,ExtraTreesRegressor,0.618475482,0.480413433,DummyRegressor,-0.150721747,KNeighborsRegressor,0.522719478,RandomForestRegressor,0.602098223,ExtraTreesRegressor,0.618475482,2
Main_cbe_10.csv,0.33,5,0.1,FALSE,FALSE,TRUE,FALSE,TRUE,2,0.2,ExtraTreesRegressor,-0.258502208,0.228153346,DummyRegressor,-0.784438438,KNeighborsRegressor,-0.402985167,RandomForestRegressor,-0.288083152,ExtraTreesRegressor,-0.258502208,
Main_cbe_10.csv,0.33,10,0.1,FALSE,FALSE,TRUE,FALSE,TRUE,2,0.2,RandomForestRegressor,0.106769064,0.42216522,DummyRegressor,-0.660392104,KNeighborsRegressor,0.068003096,RandomForestRegressor,0.106769064,ExtraTreesRegressor,0.100436323,
Main_cbe_02.csv,0.33,5,0.1,FALSE,FALSE,TRUE,FALSE,TRUE,2,0.1,ExtraTreesRegressor,0.775911681,0.889841327,DummyRegressor,-0.045611136,KNeighborsRegressor,0.649586467,RandomForestRegressor,0.758177821,ExtraTreesRegressor,0.775911681,
Main_cbe_02.csv,0.33,10,0.1,FALSE,FALSE,TRUE,FALSE,TRUE,2,0.1,ExtraTreesRegressor,0.771674921,0.910704162,DummyRegressor,-0.063728492,KNeighborsRegressor,0.634642647,RandomForestRegressor,0.759761015,ExtraTreesRegressor,0.771674921,
Main_cbe_05.csv,0.33,2,0.1,FALSE,FALSE,TRUE,FALSE,TRUE,2,0.1,RandomForestRegressor,0.809366809,0.816406065,DummyRegressor,-0.000121239,KNeighborsRegressor,0.68941139,RandomForestRegressor,0.809366809,ExtraTreesRegressor,0.801622967,
Main_cbe_05.csv,0.33,5,0.1,FALSE,FALSE,TRUE,FALSE,TRUE,2,0.1,ExtraTreesRegressor,0.924028549,0.829800754,DummyRegressor,-0.022390986,KNeighborsRegressor,0.835007512,RandomForestRegressor,0.918821918,ExtraTreesRegressor,0.924028549,5
Main_cbe_05.csv,0.33,10,0.1,FALSE,FALSE,TRUE,FALSE,TRUE,2,0.1,RandomForestRegressor,0.908983057,0.823968017,DummyRegressor,-0.204754199,KNeighborsRegressor,0.701301332,RandomForestRegressor,0.908983057,ExtraTreesRegressor,0.906036223,
Main_cbe_06.csv,0.33,2,0.1,FALSE,FALSE,TRUE,FALSE,TRUE,2,0.1,RandomForestRegressor,0.83663395,0.910299894,DummyRegressor,-0.001763664,KNeighborsRegressor,0.756540316,RandomForestRegressor,0.83663395,ExtraTreesRegressor,0.831325624,2
Main_cbe_06.csv,0.33,5,0.1,FALSE,FALSE,TRUE,FALSE,TRUE,2,0.1,RandomForestRegressor,0.968059658,0.906573511,DummyRegressor,-0.017658027,KNeighborsRegressor,0.896738813,RandomForestRegressor,0.968059658,ExtraTreesRegressor,0.949764377,
Main_cbe_06.csv,0.33,10,0.1,FALSE,FALSE,TRUE,FALSE,TRUE,2,0.1,RandomForestRegressor,0.956874459,0.91011503,DummyRegressor,-0.171044702,KNeighborsRegressor,0.751849135,RandomForestRegressor,0.956874459,ExtraTreesRegressor,0.953146061,
Main_cbe_07.csv,0.33,2,0.1,FALSE,FALSE,TRUE,FALSE,TRUE,2,0.1,ExtraTreesRegressor,0.545283768,0.576667569,DummyRegressor,-0.097962067,KNeighborsRegressor,0.426966448,RandomForestRegressor,0.544855166,ExtraTreesRegressor,0.545283768,
Main_cbe_07.csv,0.33,5,0.1,FALSE,FALSE,TRUE,FALSE,TRUE,2,0.1,ExtraTreesRegressor,0.638702846,0.532364219,DummyRegressor,-0.069020996,KNeighborsRegressor,0.536544635,RandomForestRegressor,0.627876936,ExtraTreesRegressor,0.638702846,
Main_cbe_07.csv,0.33,10,0.1,FALSE,FALSE,TRUE,FALSE,TRUE,2,0.1,ExtraTreesRegressor,0.644444052,0.580449654,DummyRegressor,-0.081642215,KNeighborsRegressor,0.530719933,RandomForestRegressor,0.641779493,ExtraTreesRegressor,0.644444052,10
Main_cbe_08.csv,0.33,2,0.1,FALSE,FALSE,TRUE,FALSE,TRUE,2,0.1,ExtraTreesRegressor,0.882262638,0.92613848,DummyRegressor,-0.002220279,KNeighborsRegressor,0.789842866,RandomForestRegressor,0.869603542,ExtraTreesRegressor,0.882262638,
Main_cbe_08.csv,0.33,5,0.1,FALSE,FALSE,TRUE,FALSE,TRUE,2,0.1,ExtraTreesRegressor,0.882091031,0.942473735,DummyRegressor,-0.011013022,KNeighborsRegressor,0.786164738,RandomForestRegressor,0.870163869,ExtraTreesRegressor,0.882091031,2
Main_cbe_08.csv,0.33,10,0.1,FALSE,FALSE,TRUE,FALSE,TRUE,2,0.1,ExtraTreesRegressor,0.877683066,0.935171654,DummyRegressor,-0.017213583,KNeighborsRegressor,0.779329954,RandomForestRegressor,0.86215976,ExtraTreesRegressor,0.877683066,
Main_cbe_09.csv,0.33,2,0.1,FALSE,FALSE,TRUE,FALSE,TRUE,2,0.1,RandomForestRegressor,0.704588916,0.452162364,DummyRegressor,-0.030884404,KNeighborsRegressor,0.604153599,RandomForestRegressor,0.704588916,ExtraTreesRegressor,0.694350873,
Main_cbe_09.csv,0.33,5,0.1,FALSE,FALSE,TRUE,FALSE,TRUE,2,0.1,ExtraTreesRegressor,0.747181467,0.559510438,DummyRegressor,-0.066744258,KNeighborsRegressor,0.654061806,RandomForestRegressor,0.722944502,ExtraTreesRegressor,0.747181467,5
Main_cbe_09.csv,0.33,10,0.1,FALSE,FALSE,TRUE,FALSE,TRUE,2,0.1,RandomForestRegressor,0.748217631,0.532708603,DummyRegressor,-0.080501738,KNeighborsRegressor,0.635614299,RandomForestRegressor,0.748217631,ExtraTreesRegressor,0.733841762,
Main_cbe_10.csv,0.33,2,0.1,FALSE,FALSE,TRUE,FALSE,TRUE,2,0.1,ExtraTreesRegressor,0.747564283,0.900663607,DummyRegressor,-0.070735783,KNeighborsRegressor,0.630549011,RandomForestRegressor,0.734761301,ExtraTreesRegressor,0.747564283,2
Main_cbe_10.csv,0.33,5,0.1,FALSE,FALSE,TRUE,FALSE,TRUE,2,0.1,ExtraTreesRegressor,0.745406601,0.8885467,DummyRegressor,-0.088813179,KNeighborsRegressor,0.6241654,RandomForestRegressor,0.728693417,ExtraTreesRegressor,0.745406601,
Main_cbe_10.csv,0.33,10,0.1,FALSE,FALSE,TRUE,FALSE,TRUE,2,0.1,ExtraTreesRegressor,0.664499718,0.895148836,DummyRegressor,-0.17330646,KNeighborsRegressor,0.507253314,RandomForestRegressor,0.654962747,ExtraTreesRegressor,0.664499718,
Main_cbe_01.csv,0.33,2,0.1,FALSE,FALSE,TRUE,FALSE,TRUE,2,0.1,ExtraTreesRegressor,0.717613082,0.668206336,DummyRegressor,-0.206555124,KNeighborsRegressor,0.597071002,RandomForestRegressor,0.714208929,ExtraTreesRegressor,0.717613082,2
Main_cbe_01.csv,0.33,5,0.1,FALSE,FALSE,TRUE,FALSE,TRUE,2,0.1,ExtraTreesRegressor,0.769678977,0.65318132,DummyRegressor,-0.173004423,KNeighborsRegressor,0.685734191,RandomForestRegressor,0.768208335,ExtraTreesRegressor,0.769678977,
Main_cbe_01.csv,0.33,10,0.1,FALSE,FALSE,TRUE,FALSE,TRUE,2,0.1,ExtraTreesRegressor,0.758484519,0.622284976,DummyRegressor,-0.182102587,KNeighborsRegressor,0.673806464,RandomForestRegressor,0.755154216,ExtraTreesRegressor,0.758484519,
Main_cbe_04.csv,0.33,2,0.1,FALSE,FALSE,TRUE,FALSE,TRUE,2,0.1,ExtraTreesRegressor,0.856408078,0.803797332,DummyRegressor,-0.006562473,KNeighborsRegressor,0.753325968,RandomForestRegressor,0.83265582,ExtraTreesRegressor,0.856408078,
Main_cbe_04.csv,0.33,5,0.1,FALSE,FALSE,TRUE,FALSE,TRUE,2,0.1,ExtraTreesRegressor,0.852664485,0.869918735,DummyRegressor,-0.005102801,KNeighborsRegressor,0.753661809,RandomForestRegressor,0.824420416,ExtraTreesRegressor,0.852664485,5
Main_cbe_04.csv,0.33,10,0.1,FALSE,FALSE,TRUE,FALSE,TRUE,2,0.1,ExtraTreesRegressor,0.862373369,0.83916652,DummyRegressor,-0.005605184,KNeighborsRegressor,0.75641449,RandomForestRegressor,0.845457367,ExtraTreesRegressor,0.862373369,
Main_cbe_02.csv,0.33,2,0.1,FALSE,FALSE,TRUE,FALSE,TRUE,2,0.1,ExtraTreesRegressor,0.751181425,0.929630425,DummyRegressor,-0.078814005,KNeighborsRegressor,0.634611361,RandomForestRegressor,0.729140968,ExtraTreesRegressor,0.751181425,10
Main_cbe_01.csv,0.33,2,0.1,FALSE,FALSE,TRUE,FALSE,TRUE,2,0.3,ExtraTreesRegressor,0.743846784,0.774227889,DummyRegressor,-0.173587651,KNeighborsRegressor,0.720043617,RandomForestRegressor,0.730357381,ExtraTreesRegressor,0.743846784,
Main_cbe_01.csv,0.33,5,0.1,FALSE,FALSE,TRUE,FALSE,TRUE,2,0.3,ExtraTreesRegressor,0.742381171,0.79600174,DummyRegressor,-0.24244139,KNeighborsRegressor,0.694652768,RandomForestRegressor,0.734488579,ExtraTreesRegressor,0.742381171,5
Main_cbe_01.csv,0.33,10,0.1,FALSE,FALSE,TRUE,FALSE,TRUE,2,0.3,ExtraTreesRegressor,0.759306412,0.795033753,DummyRegressor,-0.226276835,KNeighborsRegressor,0.705864397,RandomForestRegressor,0.752839191,ExtraTreesRegressor,0.759306412,
Main_cbe_04.csv,0.33,2,0.1,FALSE,FALSE,TRUE,FALSE,TRUE,2,0.3,RandomForestRegressor,0.620597425,0.604191245,DummyRegressor,-0.016434185,KNeighborsRegressor,0.50635802,RandomForestRegressor,0.620597425,ExtraTreesRegressor,0.600872193,
Main_cbe_04.csv,0.33,5,0.1,FALSE,FALSE,TRUE,FALSE,TRUE,2,0.3,ExtraTreesRegressor,0.786881338,0.670752414,DummyRegressor,-0.040384661,KNeighborsRegressor,0.70913655,RandomForestRegressor,0.770343233,ExtraTreesRegressor,0.786881338,5
Main_cbe_04.csv,0.33,10,0.1,FALSE,FALSE,TRUE,FALSE,TRUE,2,0.3,ExtraTreesRegressor,0.813323047,0.662860484,DummyRegressor,-0.043364661,KNeighborsRegressor,0.732414189,RandomForestRegressor,0.800130484,ExtraTreesRegressor,0.813323047,
Main_cbe_02.csv,0.33,2,0.1,FALSE,FALSE,TRUE,FALSE,TRUE,2,0.3,ExtraTreesRegressor,0.741086031,0.817420472,DummyRegressor,-0.079695546,KNeighborsRegressor,0.66437297,RandomForestRegressor,0.724255846,ExtraTreesRegressor,0.741086031,
Main_cbe_02.csv,0.33,5,0.1,FALSE,FALSE,TRUE,FALSE,TRUE,2,0.3,ExtraTreesRegressor,0.871428781,0.822357527,DummyRegressor,-0.033507068,KNeighborsRegressor,0.806023797,RandomForestRegressor,0.859650456,ExtraTreesRegressor,0.871428781,5
Main_cbe_02.csv,0.33,10,0.1,FALSE,FALSE,TRUE,FALSE,TRUE,2,0.3,ExtraTreesRegressor,0.879281756,0.816448967,DummyRegressor,-0.03671503,KNeighborsRegressor,0.817040672,RandomForestRegressor,0.867534636,ExtraTreesRegressor,0.879281756,
Main_cbe_05.csv,0.33,2,0.1,FALSE,FALSE,TRUE,FALSE,TRUE,2,0.3,ExtraTreesRegressor,0.845729823,0.921170396,DummyRegressor,-0.045795038,KNeighborsRegressor,0.72110911,RandomForestRegressor,0.84370098,ExtraTreesRegressor,0.845729823,2
Main_cbe_05.csv,0.33,5,0.1,FALSE,FALSE,TRUE,FALSE,TRUE,2,0.3,ExtraTreesRegressor,0.927608372,0.917749072,DummyRegressor,-0.008418909,KNeighborsRegressor,0.836383508,RandomForestRegressor,0.921878354,ExtraTreesRegressor,0.927608372,
Main_cbe_05.csv,0.33,10,0.1,FALSE,FALSE,TRUE,FALSE,TRUE,2,0.3,ExtraTreesRegressor,0.932285877,0.919598103,DummyRegressor,-0.028113747,KNeighborsRegressor,0.848884242,RandomForestRegressor,0.929986104,ExtraTreesRegressor,0.932285877,
Main_cbe_06.csv,0.33,2,0.1,FALSE,FALSE,TRUE,FALSE,TRUE,2,0.3,RandomForestRegressor,0.850947132,0.915677224,DummyRegressor,-0.106068899,KNeighborsRegressor,0.742392269,RandomForestRegressor,0.850947132,ExtraTreesRegressor,0.84957761,
Main_cbe_06.csv,0.33,5,0.1,FALSE,FALSE,TRUE,FALSE,TRUE,2,0.3,RandomForestRegressor,0.943102537,0.897462165,DummyRegressor,-0.034749143,KNeighborsRegressor,0.879692697,RandomForestRegressor,0.943102537,ExtraTreesRegressor,0.940178667,
Main_cbe_06.csv,0.33,10,0.1,FALSE,FALSE,TRUE,FALSE,TRUE,2,0.3,ExtraTreesRegressor,0.950598258,0.919156824,DummyRegressor,-0.043077788,KNeighborsRegressor,0.886344925,RandomForestRegressor,0.943368595,ExtraTreesRegressor,0.950598258,10
Main_cbe_07.csv,0.33,2,0.1,FALSE,FALSE,TRUE,FALSE,TRUE,2,0.3,RandomForestRegressor,0.20701669,0.486895196,DummyRegressor,-0.321935413,KNeighborsRegressor,0.154969538,RandomForestRegressor,0.20701669,ExtraTreesRegressor,0.16652135,
Main_cbe_07.csv,0.33,5,0.1,FALSE,FALSE,TRUE,FALSE,TRUE,2,0.3,ExtraTreesRegressor,0.607791631,0.497016924,DummyRegressor,-0.152001555,KNeighborsRegressor,0.559801299,RandomForestRegressor,0.593464524,ExtraTreesRegressor,0.607791631,
Main_cbe_07.csv,0.33,10,0.1,FALSE,FALSE,TRUE,FALSE,TRUE,2,0.3,ExtraTreesRegressor,0.644192616,0.500037134,DummyRegressor,-0.147469263,KNeighborsRegressor,0.59297822,RandomForestRegressor,0.625109636,ExtraTreesRegressor,0.644192616,10
Main_cbe_08.csv,0.33,2,0.1,FALSE,FALSE,TRUE,FALSE,TRUE,2,0.3,ExtraTreesRegressor,0.905188859,0.86687109,DummyRegressor,-0.000728229,KNeighborsRegressor,0.835220489,RandomForestRegressor,0.903293375,ExtraTreesRegressor,0.905188859,2
Main_cbe_08.csv,0.33,5,0.1,FALSE,FALSE,TRUE,FALSE,TRUE,2,0.3,ExtraTreesRegressor,0.939235029,0.863140702,DummyRegressor,-0.006613356,KNeighborsRegressor,0.882892869,RandomForestRegressor,0.934058141,ExtraTreesRegressor,0.939235029,
Main_cbe_08.csv,0.33,10,0.1,FALSE,FALSE,TRUE,FALSE,TRUE,2,0.3,ExtraTreesRegressor,0.939952552,0.861415835,DummyRegressor,-0.009097743,KNeighborsRegressor,0.886597694,RandomForestRegressor,0.937762484,ExtraTreesRegressor,0.939952552,
Main_cbe_09.csv,0.33,2,0.1,FALSE,FALSE,TRUE,FALSE,TRUE,2,0.3,ExtraTreesRegressor,0.045601647,0.696883281,DummyRegressor,-0.944883997,KNeighborsRegressor,-0.081863381,RandomForestRegressor,-0.007910973,ExtraTreesRegressor,0.045601647,
Main_cbe_09.csv,0.33,5,0.1,FALSE,FALSE,TRUE,FALSE,TRUE,2,0.3,ExtraTreesRegressor,0.647270807,0.699067729,DummyRegressor,-0.437417338,KNeighborsRegressor,0.567980714,RandomForestRegressor,0.638419746,ExtraTreesRegressor,0.647270807,
Main_cbe_09.csv,0.33,10,0.1,FALSE,FALSE,TRUE,FALSE,TRUE,2,0.3,ExtraTreesRegressor,0.688940334,0.709701782,DummyRegressor,-0.381586013,KNeighborsRegressor,0.60514903,RandomForestRegressor,0.678460967,ExtraTreesRegressor,0.688940334,10
Main_cbe_10.csv,0.33,2,0.1,FALSE,FALSE,TRUE,FALSE,TRUE,2,0.3,RandomForestRegressor,-0.814829934,0.403181482,DummyRegressor,-1.093369334,KNeighborsRegressor,-1.160933498,RandomForestRegressor,-0.814829934,ExtraTreesRegressor,-0.873133331,
Main_cbe_10.csv,0.33,5,0.1,FALSE,FALSE,TRUE,FALSE,TRUE,2,0.3,ExtraTreesRegressor,0.553651112,0.42239342,DummyRegressor,-0.415189709,KNeighborsRegressor,0.515816552,RandomForestRegressor,0.552417771,ExtraTreesRegressor,0.553651112,5
Main_cbe_10.csv,0.33,10,0.1,FALSE,FALSE,TRUE,FALSE,TRUE,2,0.3,ExtraTreesRegressor,0.558453405,0.385358937,DummyRegressor,-0.443411121,KNeighborsRegressor,0.51018413,RandomForestRegressor,0.551430953,ExtraTreesRegressor,0.558453405,
